HSC_Score,SSC_Score,Attendance,English_Proficiency,Daily_Study_Hours,GPA,Study_Efficiency,Exam_Proficiency,English_Impact
0.37400276708383706,0.6969547704953136,0.18119427369485663,0.1111111111111111,0.5,2.3424044239673734,0.38546999249709724,0.5200634295393887,0.09447652812276469
0.9572321567695188,0.5340890436809702,0.5399448394008237,0.5555555555555556,0.0,2.422865261293781,0.031553911256916256,0.8009162585093035,0.3482570011326703
0.7358335805919454,0.3064013567027768,0.8728293325480583,0.4444444444444445,0.25,2.7726023238131248,0.27897395904628697,0.5659077412766864,0.33089128248982785
0.6008654420558082,0.813159145118231,0.7313264017793668,1.0,1.0,2.611022465054075,0.9213748557766529,0.708938710883166,0.6463584750021297
0.15280551244375284,0.6834579006911259,0.8060757471873017,0.8888888888888888,0.5,3.562407992951513,0.49518988228432104,0.38016714799384976,0.799657544911462
0.15278109698894493,0.15876514377992645,0.6574767701725142,0.4444444444444445,0.5,1.1484905604809998,0.4690981127693238,0.14745913928173104,0.12171962156262402
0.053671278383619736,0.9107710087396321,0.6911560884863936,0.1111111111111111,0.25,3.499951214419037,0.2577078798922917,0.4209621584479679,0.1541093662626642
0.8716588338116291,0.8219445428513277,0.8489471693090489,0.4444444444444445,0.0,3.531773837835172,0.0496393151933561,0.8767705363867884,0.42866606012632125
0.6033520495651812,0.949835715166746,0.24608797285550432,0.3333333333333333,1.0,1.8547240645928824,0.7793737745036095,0.7710580507662488,0.16490192835358236
0.7116193015834598,0.7246486623334873,0.48717724849387833,0.6666666666666665,0.0,2.388555865047552,0.028465509960432955,0.7367349519050774,0.4044795946053396
0.01571298711932201,0.6117897215771846,0.21747126257295246,0.5555555555555556,0.75,2.3156154656123062,0.5814195094539023,0.26538894842530514,0.33168157690144284
0.9766627502867828,0.41565368083541165,0.9881890116908476,0.1111111111111111,0.75,1.6555295030623909,0.7618549361760336,0.7601550718496684,0.05909108943591837
0.8375122650431204,0.9326799759265296,0.9443380115649327,0.4444444444444445,0.25,2.190390541258949,0.28734453246795333,0.905208016161458,0.2559074000269675
0.20981562187163005,0.8656861509881999,0.03467847252194156,0.6666666666666665,0.25,1.1331633165125634,0.18086274501273022,0.49549595040170136,0.17812228928324297
0.17892783540420343,0.040787089121528286,0.7045285963750008,0.6666666666666665,0.25,1.8334662183452035,0.25927322217874316,0.11096664938416012,0.30439249691914816
0.18052671941096654,0.021842292154951704,0.9254224571135237,0.4444444444444445,0.75,3.4500465263521543,0.7471604386482429,0.10353286966915465,0.41814028359297195
0.3028440999042099,0.373667677519266,0.17661136365328867,0.8888888888888888,0.0,1.8536869052886928,0.010288593696118342,0.33361178713242046,0.40353403613146677
0.5260584653735918,0.809901446723928,0.566133849728653,0.3333333333333333,0.0,3.4546200062447427,0.03308671144847161,0.6622065690528574,0.329744225038593
0.432110584814958,0.9874970119731241,0.9156082012034985,0.2222222222222222,0.25,2.5947983938132926,0.2839815142955132,0.6840923752648127,0.1743165534466803
0.28967165284681684,0.1465048441384722,0.029167182946760573,0.3333333333333333,1.0,3.63958803208348,0.715893668886341,0.22489406944378199,0.3488020608632586
0.6142214169746298,0.5924100022754346,0.6963283745881594,0.4444444444444445,0.0,2.724338662793245,0.04070678529418134,0.6191254107978068,0.32467533703220525
0.13607838818188056,0.3781170329608996,0.29403393297857994,0.5555555555555556,0.75,1.0890046691942197,0.5993438638903176,0.23462669916945766,0.14210924076742265
0.2905983715028577,0.970049537481426,0.9245655998625799,0.2222222222222222,0.5,3.026260622641268,0.5159949375274783,0.590684595166741,0.20765773343276916
0.3657243492671227,0.8416229295379409,0.9714869489993756,0.1111111111111111,0.5,1.134560704070706,0.5242336283422082,0.5792098774956189,0.03225256478838597
0.4565309584661488,0.8378139926655233,0.944546312113737,0.3333333333333333,0.5,2.351791056949402,0.5195032533266564,0.6324940934274565,0.21611629954684908
0.78966680931406,0.46635295831979495,0.47188197592921055,0.4444444444444445,1.0,3.788280083419342,0.8454505538150562,0.6694339379702723,0.4617018638427863
0.19699520752073973,0.4122132393498117,0.8618655590510627,0.3333333333333333,0.25,1.4956118180135505,0.2776905753745865,0.2866262849209811,0.1279014672906389
0.5154076312757696,0.2701024267107681,0.844275097216272,0.2222222222222222,0.75,2.1696170588246324,0.7281627465265901,0.4163660347286655,0.14146072860405084
0.5945450705280877,0.05199901499100634,0.3159062709700531,0.7777777777777777,1.0,3.189580926545436,0.7998055318293783,0.36754952260059914,0.6310689438748646
0.04189563143392028,0.8643380125189375,0.8285542956711622,1.0,0.75,3.646775668284543,0.7244822947159859,0.3932409734975708,0.9131507275080734
0.6098606225492038,0.8122607193630031,0.0322458525904703,0.3333333333333333,0.75,3.012829014227524,0.5380557411636012,0.7139858659016662,0.28422511352458024
0.16748861405193494,1.0,0.5946158967173214,0.1111111111111111,0.25,1.7745197625735076,0.24640719898957106,0.5294377409699955,0.06522105925155094
0.06072458151141025,0.9969039487089848,0.22631955596811837,0.1111111111111111,0.5,3.0238235587486484,0.3933933206923914,0.4634308022497311,0.12958090343184986
0.9553809944958629,0.5535198728292317,0.11626943943292112,0.0,0.25,1.89018292331227,0.19041351826798705,0.8084128593145945,0.02249175964547776
0.9723325496818147,0.7681302528678393,0.0724133955961368,0.3333333333333333,1.0,3.155287689456206,0.7285493214297609,0.9138515901780928,0.29890307763214213
0.8131725398704137,0.944776669839269,0.6951905955622415,1.0,1.0,3.8620993827551215,0.9108000058685676,0.8958376868405362,0.9686144215834366
0.303220175423772,0.8491885773186842,0.33679620459844806,0.8888888888888888,1.0,3.164180353318865,0.8059188010721563,0.5447257193811288,0.7073385988626215
0.09374453793613657,0.24391476117651378,0.723826842419931,0.6666666666666665,0.25,3.588641508737237,0.2615322121034537,0.1494815469399362,0.6208646231594261
0.6874878370961284,0.4481143027028216,0.060752091423470045,1.0,0.75,1.0063115295276504,0.54472943639634,0.5994872354753198,0.2330124734887251
0.4404185597213266,0.12514238559430657,0.31207496277068714,0.6666666666666665,0.75,3.152716374194783,0.6035675124474856,0.306680828669047,0.5422638389725569
0.1184090197757397,0.9541078237692524,0.5375217940308148,0.6666666666666665,0.0,3.488762670595751,0.031412094351244535,0.479372961410961,0.6028556707510403
0.49611674521974436,0.6045134017117926,0.7901497530575186,0.7777777777777777,1.0,1.1216762126340445,0.9385890312988315,0.5529936858521929,0.2049435272243743
0.029686043029985565,0.22511708658996654,0.3155563670002475,0.0,0.75,3.614793181864692,0.604382556162869,0.10236468724501258,0.06691476062090196
0.9153313877297151,0.6703630599160264,0.6244020002809032,1.0,0.0,1.7700826849301374,0.036497051557168286,0.8359853940507911,0.42974681745536947
0.25682515716293053,0.6165260420343954,0.8859336627804515,1.0,0.75,2.995876305934165,0.7379155789516999,0.4134563524947126,0.7454902206474449
0.6655112488145489,0.35527664872688836,0.6143180857414037,0.7777777777777777,1.0,3.40106463707022,0.8871333233568538,0.5450107444265684,0.6746486038349737
0.3104043882372016,0.10946351117032926,0.22928659002130658,0.3333333333333333,0.5,2.9879935391780665,0.39391428772873394,0.2210181962755282,0.28166623663775664
0.5213126457465462,0.6702349414841899,0.019568943597734645,0.3333333333333333,1.0,1.2768543762197715,0.7130848221738045,0.5973935339296386,0.10536220196505007
0.5482811360140971,0.5182224040245145,0.8699665501063287,0.3333333333333333,0.25,2.7889645565811048,0.2786388510433395,0.5463047509007284,0.261159656338359
0.18199441953996698,0.7714776798498142,0.01642017197615031,0.5555555555555556,0.75,2.648750970166431,0.5343507357474405,0.43687325144397793,0.3831675706917546
0.9763335435452771,0.518077492084764,0.8745949264784243,0.6666666666666665,0.75,3.7009638042228143,0.7352610277551204,0.80537917005902,0.6411172303326786
0.779500693942504,0.8517352019639213,0.5269089866008279,0.5555555555555556,0.25,2.212719188932628,0.23848164827214638,0.8341906143632056,0.3157789877455176
0.945879460770159,0.5499775980238977,0.9393186320190821,0.0,0.25,1.9632432912611504,0.2867569802211857,0.8010897801595855,0.024373669358448022
0.900660869939024,0.5590533321160791,0.7982546135191986,0.7777777777777777,0.5,3.2495522933093985,0.49381660757467183,0.7777398429218221,0.6434270198913632
0.6000976488382859,0.8763281627134623,0.9985121625935207,1.0,0.75,2.2380259782501897,0.7642717251242221,0.7364883914565141,0.5502809803047088
0.9280389412515322,0.4008206158886445,0.3476932762807463,0.6666666666666665,0.75,2.938288525015189,0.6119062403471165,0.7241404618709344,0.5036007847884711
0.08445252244269286,0.13002217990927,0.7664840946828848,0.5555555555555556,0.5,2.939350270373821,0.48823817714734474,0.09334663171571367,0.4280796066693421
0.19325909279476128,0.02426992420391505,0.39919699714163714,0.5555555555555556,0.0,3.6641171930803536,0.02331616890333682,0.11231754008803807,0.5400921204115668
0.04065753058126176,0.7542116926886493,0.47757483979398474,0.4444444444444445,0.5,2.796077206957292,0.4375100103675653,0.3436520978324773,0.3339146460342574
0.3241904094836725,0.6187181255951946,0.6260250564849934,0.5555555555555556,1.0,2.5064608298859605,0.8905592731681836,0.45521076423510887,0.36117667155685723
0.38831304633638775,0.702902051593985,0.8735646745454995,0.8888888888888888,0.75,1.4166139791895511,0.7350198318732799,0.5313642591569978,0.3022097987651775
0.26954811424792546,0.20936101173337884,0.9845845537391273,1.0,0.25,1.3472128200361162,0.29205566181433373,0.24058722938526333,0.3208227963467845
0.8337617643842881,0.13239006365421457,0.7675752496168657,0.8888888888888888,1.0,1.4629646958492382,0.9319827863959206,0.5480211412006315,0.31295503311048317
0.3559981772284735,0.009961597436838332,0.4151208650570233,1.0,0.75,1.5155454439812837,0.6276919488864834,0.20449264451776572,0.36418239183004764
0.2792509654932711,0.3476640786691245,0.41873103589197846,0.7777777777777777,0.5,2.913631277990902,0.4271779138778026,0.30779653825067754,0.574205028350227
0.5442177863507278,0.5881761672318784,0.7367135879239464,1.0,1.0,3.2229437508237355,0.9229513720044503,0.5748682653661572,0.80397889816629
0.13752626718961203,0.3895262905112409,0.2351365896265012,0.8888888888888888,0.75,2.5899745687792564,0.5855552009294668,0.24056306232400448,0.5742235973706499
0.8068962495563508,0.4349805455406448,0.106120581609082,1.0,0.0,3.487053197636473,0.006162882840010375,0.665951284201312,0.8720089597712167
0.07033994724408643,0.9039690917406489,0.3516253481020186,0.7777777777777777,0.0,3.9737896802009,0.02053187763582573,0.4280366590322018,0.7926679187426763
0.9938477176273182,0.3453204695711172,0.28386773626301576,0.7777777777777777,0.25,3.460037887358068,0.210032029870355,0.7393669752661491,0.6868010017095403
0.7765772759106786,0.5118729890347646,0.29298726189051383,0.0,0.75,3.0846471210278774,0.5990988240626646,0.6816971028916798,0.053259107779407955
0.19602537503888873,0.7828682782393064,0.229938468765861,1.0,0.0,2.59747809831144,0.013409742449295381,0.4504190093512326,0.6428696785390691
0.0004661724667581746,0.3938462575616366,0.03735966775882016,0.4444444444444445,0.5,2.346559215024125,0.3602147756594333,0.1595040787246349,0.2760205853469487
0.8203231192496623,0.6205040511322633,0.013005827319386487,0.3333333333333333,0.75,1.253177141633627,0.5335513915830888,0.7563566206152983,0.10292266222579675
0.7103891872024848,0.8619676964485161,0.988243695627621,0.1111111111111111,0.5,2.1981062451840727,0.5271758637440164,0.7968891481953484,0.08704278115871386
0.7328102340400646,0.9495550462271392,0.4251828215646598,0.7777777777777777,0.5,3.7304039103464026,0.4283107514525524,0.849306280287748,0.7425143203257174
0.7755909215810175,0.14314492213221652,0.38149490441071343,0.2222222222222222,0.0,3.424067889719659,0.02228009419912938,0.5175747050115882,0.2383982312220273
0.06982775947164643,0.9265087903700087,0.6784566261925331,0.3333333333333333,0.75,1.6481540950350615,0.6893424045637596,0.43772259788639034,0.1436183765165132
0.35773154728882894,0.48989176955472846,0.21449928471040502,0.6666666666666665,1.0,2.399823354091648,0.7701296017315786,0.41838371439246624,0.4065112128913842
0.11216430344826223,0.2548648603490604,0.950272652166817,1.0,0.0,3.4501696076756336,0.05556973095132728,0.165488892256614,0.862508379888416
0.8685484887280537,0.4567483543804205,0.7857472734082114,0.8888888888888888,0.0,1.2021536643565676,0.04594032804834958,0.7129286297211628,0.2524926313356458
0.6258067949377646,0.9802176847841348,0.08494042383367129,0.1111111111111111,0.75,2.1621777570059777,0.550392251460774,0.7981258708019101,0.08519186874825342
0.32982627949625587,0.49039604867199804,0.4149338250437786,0.2222222222222222,0.75,3.555523710621843,0.6276481602950793,0.4017137819107195,0.2485564603602406
0.05921305418696721,0.3257202907018164,0.8790361044390282,0.3333333333333333,0.5,2.211693592510372,0.5080006355168581,0.16485603241355085,0.20168161839250331
0.3096667103304034,0.6318740815267843,0.9450144322429948,1.0,0.75,1.2328439341943227,0.7517471844405403,0.4522527263214693,0.291363333826988
0.3240416006381388,0.23667670788636075,0.46503141256042513,0.0,0.5,2.627603105596754,0.43530757116589036,0.28569114024708475,0.04148643819065667
0.7334165791654119,0.07158308943949554,0.6118526622102869,0.6666666666666665,0.0,3.585227484754886,0.035762559204927935,0.46030619572267706,0.6202490473621571
0.6402407438818576,0.12486131105487708,0.1629947155461151,0.1111111111111111,0.25,2.77085662885948,0.19588302714062103,0.42752654639452414,0.11654891534353938
0.8929530218859727,0.12402330987111876,0.991709082641445,0.4444444444444445,1.0,1.6788373246426955,0.9975737304395466,0.5801444143113508,0.19002373463638944
0.4728735927893688,0.14799798436046796,0.22799166054038533,0.0,0.0,2.152718860412144,0.013295798929338853,0.33646489319320194,0.029254234895776235
0.11593510444059896,0.13485788847104874,0.9430030687789825,0.2222222222222222,0.75,2.350370083545797,0.7512762971081314,0.11455043778160734,0.15542839188393692
0.7168548442587879,0.6393848827169872,0.6482892800393758,0.1111111111111111,1.0,2.7377990614615806,0.8970747171849293,0.702091312914433,0.11484590291916165
0.7649772319616444,0.17812342218420607,0.6061465343599415,0.0,0.25,3.278053077257839,0.24775693793473333,0.5266617132992997,0.058240913343679604
0.5630264248695704,0.3427195038163551,0.510570070571045,0.6666666666666665,0.25,1.2966208529219063,0.2365690678953579,0.4773985455926695,0.20759498889372352
0.7752840425997385,0.8965624081193435,0.22698420340952907,0.4444444444444445,0.5,3.668956099052699,0.39351002289450876,0.851518077035541,0.4463339584055308
0.4947185174078301,0.47164745780977513,0.17254155975666396,0.0,1.0,1.0369291090482269,0.7578510146369793,0.4932231947755139,0.0005134055011904587
0.5240100842922228,0.6661996535965229,0.2167440108449079,0.5555555555555556,0.5,2.1101570040227657,0.3917119974332791,0.5972369479164643,0.2999280323738963
0.4276526579362381,0.16851599472827794,0.1825068606911584,0.4444444444444445,0.0,1.082260929917973,0.010633647551756331,0.3181880117605427,0.11318981336824148
0.020606819215655325,0.1885837623635478,0.7789491644748168,0.2222222222222222,1.0,2.178922676035873,0.9353112701100371,0.08066624354149665,0.14217981879918662
0.10408898550950463,0.036415552019692043,0.3471034605233907,0.6666666666666665,0.0,2.5774377966199715,0.020267218908369078,0.0637212413637307,0.43853651576889063
0.026690470800115995,0.16511447031828608,0.053196674023503476,1.0,0.5,2.535044159744535,0.3629955183372551,0.07394095317525506,0.6267877672776506
0.6390796381407462,0.2753112919976768,0.969520466691812,0.8888888888888888,1.0,1.496885041084796,0.9910804123736464,0.49354589429523843,0.32081860210998364
0.31308167985247026,0.1732297729581116,0.8837296194015867,0.8888888888888888,0.5,2.9372215302868367,0.5088247469143818,0.2509183657468108,0.6547239703096406
0.509674531941193,0.08448570304341918,0.927940337341683,0.8888888888888888,1.0,1.1343353515140049,0.978912325562621,0.33057708984874234,0.23677068102046572
0.9135559828814477,0.11657674699979692,0.9954690577326675,0.1111111111111111,0.5,3.285720460397246,0.5284445298310548,0.5893148057607511,0.14307293301905827
0.24722122801959734,0.45839948038550316,0.1698941466905164,0.2222222222222222,0.25,3.839933301980639,0.19669065211364442,0.3375155128056464,0.27053416951226067
0.4102844632489866,0.20269782339251363,0.393476489449883,0.6666666666666665,0.5,2.019306481453354,0.4227435912585602,0.322832598020689,0.33790098095993737
0.7596792331204361,0.3614139525996827,0.7574845476626577,0.4444444444444445,0.25,2.551718145142996,0.26547207362533365,0.6047409094690857,0.3024432953696682
0.22647621635990522,0.5012485585629123,0.6949209475944196,0.1111111111111111,0.5,2.136730834176443,0.4756727532318472,0.34395960038258133,0.08388093061359707
0.07279895954290527,0.6891495274107791,0.149783668175143,0.2222222222222222,1.0,1.02013117091218,0.7511911026855751,0.3342561233196164,0.05263437644695723
0.2881758714120406,0.03485138874898319,0.8153992483629864,1.0,1.0,2.157623508685348,0.9459780908234999,0.17447193520040027,0.5295706837829691
0.15807186520679029,0.7987034841469001,0.22072034786438,0.5555555555555556,1.0,3.37516077778404,0.771950145286819,0.43446500271257027,0.4954339918115286
0.9359581556262431,0.6263464519963393,0.22009392910041337,0.6666666666666665,0.75,2.7879665265504454,0.582033511083648,0.8289519412540383,0.47649652760387984
0.8128921798628714,0.07750790991956191,0.5349909383948646,0.8888888888888888,0.0,1.3037797438454768,0.031263967486005156,0.5110475041936424,0.2760520521687813
0.636036167165043,0.8732379980118634,0.5912674486988188,0.0,1.0,3.5414184690813557,0.8803877418262674,0.7568747734186796,0.06502475392438518
0.8770079857802955,0.9207653404186757,0.578342293991986,0.6666666666666665,0.25,2.5932560346557283,0.2445022639758043,0.9238343751199385,0.44138867045221725
0.8083894081236567,0.05672470187294065,0.08702779426076823,0.7777777777777777,1.0,3.5251700852340284,0.7328261063850158,0.49910453531007204,0.7002225509572128
0.1837310303123536,0.27359014278376725,0.8773694491448176,0.2222222222222222,0.75,2.740664556355088,0.7359105809564498,0.21711905635582207,0.18558833960603172
0.8983647422318859,0.8055279026098705,0.2621085403287493,0.3333333333333333,0.25,2.67906533451382,0.20748496915453304,0.8856574993468214,0.24983639480751046
0.5408228776178361,0.7473001617184107,0.12526719885290305,1.0,0.75,1.3157775555910372,0.5598332937453852,0.6433820836642341,0.31272561162820006
0.8122036261747125,0.18077739971517093,0.8887193890474099,0.5555555555555556,0.25,1.502079199415884,0.2808339973861207,0.5564291028480357,0.20594978735339364
0.9019402963849978,0.20572832124972273,0.9559945873200317,1.0,0.5,3.916075769489773,0.5215134001259656,0.6218201464808777,0.9825178126172804
0.3167738369891442,0.3676468248570124,0.861950997481769,0.6666666666666665,0.0,1.6854602402643124,0.05040040811227858,0.33937455567315555,0.27770583671151183
0.10627593814568548,0.4822609612053481,0.8090470944740176,0.3333333333333333,0.0,3.932356353971104,0.047304028690176525,0.26277083360527365,0.37896689928815286
0.22560264601519986,0.616653197995658,0.6539157047446107,0.7777777777777777,0.75,2.59573811957279,0.6835970436470321,0.3946109453980282,0.5086979700849386
0.42721412334407227,0.3660806649780426,0.5489510331563521,0.4444444444444445,0.0,1.4073671411918114,0.032081029133493255,0.40553944253835406,0.15506070410693062
0.8229077221094747,0.46016410044602307,0.08250271000418374,0.0,0.75,1.2979066082610788,0.5498215497537567,0.686812993160002,0.007235738065666443
0.8661465908601542,0.7465075141210118,0.4057555407887907,0.3333333333333333,0.75,1.6265922121172198,0.625499400080304,0.839978308496315,0.14139678809410583
0.0019136962624324294,0.03220946847834383,0.3697921015888208,0.2222222222222222,0.75,3.776911990076007,0.6170798735988277,0.0,0.26566420694594406
0.511877795768886,0.2490287356362837,0.2562297940483811,0.8888888888888888,0.0,2.2424506729846803,0.014948530968786261,0.40488324700965506,0.49365902426332386
0.41739860158342745,0.7122176494851882,0.7224727012501222,0.7777777777777777,0.75,2.186302803978743,0.6996471617783682,0.5531036915116976,0.42432716069743487
0.21970393853169745,0.8949730251166184,0.49366386663651474,0.0,0.0,1.939618783210522,0.028845161173179035,0.5144705209000362,0.023765142568715328
0.11620954569356068,0.5095495236692553,0.07652915460907384,0.5555555555555556,0.75,1.4411855516997651,0.5484230598162945,0.28088660204084737,0.1965386920923896
0.33662567691447376,0.5300864926667153,0.21643931992477317,0.8888888888888888,1.0,2.4635535915772198,0.7706973372647248,0.4234321757290891,0.5449161103651706
0.949331987602704,0.10304639435425766,0.6820881760301005,0.6666666666666665,0.75,1.390143347533416,0.6901925993923518,0.6049727396213425,0.2244578417854074
0.3220369609311424,0.4449670676022526,0.07158648373126475,0.3333333333333333,0.25,3.506440709146983,0.18518307678116389,0.37685114605099446,0.3350834745859212
0.5200196046686603,0.5305927618401931,0.8509696083064511,0.0,0.75,2.11119095882592,0.72973002192233,0.5346815647523695,0.02818454740927097
0.7065038015647487,0.23901307446533693,0.4929306063884864,0.1111111111111111,0.5,2.124410703345389,0.4402062545191652,0.5182661092839831,0.08324623975377968
0.36295865230364077,0.26591802210183113,0.47828974757956555,0.4444444444444445,0.75,2.422019285449468,0.6424806368160921,0.32221921410833754,0.2857391950023392
0.9785579061438621,0.3744925273463544,0.5907323413770329,0.4444444444444445,0.25,2.3323831394972547,0.2459526026306407,0.7430480372093384,0.2741948284438023
0.9691088147117461,0.015515422987715244,0.8242962564343137,0.7777777777777777,0.25,3.984573919177965,0.2732928349844992,0.5781267851877114,0.7948901866723567
0.24974178534298108,0.31901489332979915,0.34477453904450517,0.5555555555555556,0.0,2.636143363654908,0.020130910921000778,0.27722649668715205,0.3812190688308324
0.49821370750853866,0.20783736951028264,0.6768164319264947,0.7777777777777777,1.0,1.2646051113696122,0.9054229562611192,0.378343401334156,0.234396352644888
0.2994389756967202,0.3244598382882593,0.5639082841284235,0.1111111111111111,0.75,2.8206320247307897,0.6625250917351581,0.30972743318087415,0.11911317291811661
0.28320477862148197,0.11569869265231181,0.2635447045192385,0.2222222222222222,0.0,1.4547528786096398,0.015376660784712365,0.2073170299727305,0.0862197046958868
0.032215062278304285,0.8902703576166098,0.8785450696484749,0.5555555555555556,1.0,1.092812934194026,0.9644572020519734,0.3988810520410486,0.1426978069978349
0.6119048330076469,0.5918690822069621,0.7968898573616978,1.0,0.75,3.912226461031744,0.7170692223625544,0.6174830840294461,0.9815262968093594
0.5037107210509695,0.6778012485147054,0.6571433958084221,0.2222222222222222,0.5,3.320616674603692,0.4690395771909178,0.5900930448216373,0.23040405385839008
0.04698554152584311,0.7884137565251543,0.8503409492214091,0.5555555555555556,0.75,3.940326977241301,0.7295828443461004,0.3626511061356117,0.5827802609361484
0.2769349031277033,0.4962489166482773,0.8671462916976074,0.5555555555555556,0.25,2.4336353440667278,0.27830872076540913,0.3722895244254265,0.34992151424276713
0.9142639591607749,0.082694655539993,0.7073318923029452,0.1111111111111111,0.25,2.596772593446929,0.2596013668838353,0.5747172172586577,0.10758070326595541
0.23737174240094672,0.5351042080280206,0.8366971493714659,0.6666666666666665,0.5,1.5050108677573908,0.5005665449240356,0.36557010757424147,0.24516937331175986
0.14154553452990593,0.5850844043942942,0.6963798534961834,0.1111111111111111,0.0,1.7407222800027569,0.040709798270964076,0.32972332509661295,0.06347992893673123
0.4903225036760448,0.7444660175434543,0.6789528575609247,0.5555555555555556,1.0,3.5156476447084843,0.9060481638540573,0.6115527580776285,0.5171461955821031
0.9925960945183387,0.4291364498164183,0.6170815473683695,0.0,0.75,2.0685569413527825,0.6749736702892252,0.7757803627611037,0.027086368275519815
0.2398956544740647,0.12355547460279115,0.7519320268695027,0.2222222222222222,0.25,3.4804449213892568,0.26482211359791563,0.18458247827533047,0.24275475801484403
0.6752422254248764,0.2805224683072727,0.15451903597914063,0.1111111111111111,0.0,3.1270411728610954,0.008995565679139228,0.5177494433954963,0.13489832068558566
0.7658220178692634,0.36022052301992313,0.880798294387092,0.6666666666666665,0.5,1.5315127758155964,0.5083100498539564,0.6079304226792113,0.24994787904763505
0.23542383227102115,0.6444522822186887,0.8717208989298761,0.3333333333333333,0.25,2.522339098359226,0.278844209411535,0.41288506370417166,0.2336883991498389
0.7320097310967568,0.5689422629138869,0.024442376911772534,0.7777777777777777,0.5,3.0321619645561504,0.3579466915695555,0.680025704696616,0.5986302051287782
0.36716304225637963,0.3532004534421813,0.8254383525886988,0.5555555555555556,0.75,1.7051116444114751,0.7237528103874238,0.3634729359826474,0.2373283917332113
0.6349247972421559,0.9867323737515306,0.12461856050251097,1.0,1.0,3.4920655315602307,0.7438267385155909,0.8065349841399756,0.873300050982579
0.6361636637142054,0.6041116120830505,0.33201366555845846,0.3333333333333333,0.25,2.6344829726355603,0.215667835784582,0.6375985148349803,0.24524293423777693
0.5372116353457481,0.2337434658670703,0.742672472945785,0.4444444444444445,0.25,1.4957261513278095,0.2637382203273929,0.4134413186226813,0.16644058652962251
0.08627179783339978,0.09763023875212684,0.1566858008298193,0.8888888888888888,0.75,2.7489532784938078,0.5671888124955451,0.08008267159324123,0.6110787662850697
0.8404071385016605,0.14895915355406153,0.8175450054928506,0.6666666666666665,0.0,3.999141412467742,0.047801397604634754,0.5593923232638767,0.6948810351190573
0.3195844260887415,0.24251752129239335,0.8317908857005905,1.0,1.0,1.4515644749902408,0.9507749702275848,0.2855831225277312,0.3477019920771009
0.18367885061950417,0.15682001866955253,0.505320281642196,0.8888888888888888,0.25,3.4502707903585845,0.23595454467550078,0.165301699831079,0.77366138762365
0.03615086707367954,0.1828335088494446,0.00145392554598045,0.6666666666666665,1.0,1.621927009562674,0.7077836094146779,0.0875263064172489,0.2662502876748281
0.593004812682079,0.2818482465402816,0.2836657616204352,0.0,0.25,3.347164988380262,0.2100083873755099,0.46855169112576167,0.06002111758401725
0.6807375152153741,0.1695749227640977,0.6153877270456225,0.7777777777777777,1.0,3.20373376936424,0.8874463451884312,0.4718726946288436,0.6339853674423434
0.01166738293634706,0.8965393093241989,0.9816711624234538,0.3333333333333333,0.5,1.9014681568012968,0.5260218246992138,0.38922187498288574,0.16971811877915172
0.5132400301507529,0.0759750908232375,0.6303570600403083,0.2222222222222222,0.25,1.9774693526933491,0.250590943338984,0.32896128053126716,0.1266125430017105
0.22414563350008532,0.522446853111155,0.25627986807405767,0.6666666666666665,1.0,3.3775641758887573,0.7823563497799862,0.3519498086393371,0.5828056938357544
0.6479493118464406,0.407768722089662,0.6325614179676298,0.2222222222222222,0.0,2.384336535661938,0.03697460900728333,0.5576583550332765,0.15805314445282204
0.1713779680594587,0.9825753126149301,0.5380186269970788,0.7777777777777777,0.5,3.1924540861354265,0.4481230401205206,0.5240647344879206,0.631661005162385
0.6942746472886796,0.10793732090605679,0.7792115359911538,0.5555555555555556,0.5,1.4439524420975045,0.49047292648278584,0.4527326047519651,0.1969663141857691
0.38634732402187444,0.39516555778880824,0.10260769419241988,0.4444444444444445,0.0,3.5576733457046608,0.005957279251414649,0.3936977931885042,0.43200169453312054
0.9430766023594819,0.9696033803701178,0.7602894752059148,0.3333333333333333,1.0,3.1326541500469576,0.9298506637473477,0.9854905860040621,0.2965710730803467
0.13408131348717534,0.8651266377379878,0.5393069455343023,0.7777777777777777,0.75,3.720828426504502,0.6567655863491119,0.449399015070455,0.7405411360613215
0.34011911595157307,0.8164523804707899,0.9633758838774882,0.7777777777777777,0.0,1.3971171371049174,0.05633664179769743,0.5525459687391183,0.26170261187326993
0.10973943200865166,0.25452161225386205,0.33880450525091854,0.0,1.0,2.779043501081793,0.8065065139307703,0.1638686738280133,0.04538728291948095
0.9308928476063445,0.1670766374114896,0.6311699182192974,0.8888888888888888,0.0,2.7973617551209755,0.03689316678957086,0.6222063023282456,0.6223010399227624
0.8829587339105065,0.6672904957799033,0.9322399202487297,0.4444444444444445,0.0,2.060382221640348,0.054514304473109454,0.8150246749621362,0.23916344387632388
0.25597653770867024,0.9293109250056584,0.0981119386639362,0.3333333333333333,0.25,2.3753992737077736,0.18828806027560988,0.5516579273748452,0.2185487281628436
0.662941929990327,0.5548576344690725,0.9374692003111114,0.5555555555555556,1.0,1.1139446898695604,0.9817008698416928,0.6319664246872327,0.14596371359324606
0.8221054514908241,0.5697807684241933,0.686740846515614,0.5555555555555556,0.75,3.237580115881036,0.6912818523457344,0.7349406253408859,0.4741709411682604
0.5568756340891128,0.2767069051571398,0.06324659499293128,0.1111111111111111,0.25,2.647967438209522,0.18420683652651906,0.4443993380398408,0.11021808597610379
0.5310125404924566,0.7686382674405374,0.2976685785316011,0.7777777777777777,0.0,1.1732231556075212,0.01737387564575582,0.6469061269365215,0.21556561363090154
0.23969018838333112,0.18331258771675896,0.7071399434749894,0.6666666666666665,0.0,3.0422676788814567,0.04133956884168094,0.21095945856640186,0.522349056877792
0.08911924049432451,0.3206228662923405,0.06275743412877954,0.0,0.0,2.400346231693564,0.0036249083258065307,0.18070031131536735,0.035632691072425435
0.9030785233042584,0.4228826086405335,0.5804381284464246,0.4444444444444445,1.0,1.103383778275,0.8772186292959544,0.7188138292024893,0.11591025501154804
0.906320034385729,0.5054623745579594,0.3428376845430794,0.5555555555555556,1.0,3.908823180544286,0.8076867910611801,0.7573990734254141,0.5779113584657118
0.6357301663003836,0.2389520031197374,0.6193984909420505,0.3333333333333333,0.25,3.8473364292683216,0.24930816887727528,0.4753933676734612,0.37020702979468867
0.3380576184523678,0.11074906135308238,0.04102878843203772,0.1111111111111111,0.75,2.5387072484415927,0.5401119449791486,0.23832930967707266,0.10458937596169189
0.3483620525684765,0.6089807638825713,0.8714124728960582,0.3333333333333333,0.25,1.2810172621177305,0.2788081060630083,0.4655256661394267,0.10579111715533969
0.7297213796534829,0.2854010910068945,0.9739311804581243,0.0,0.5,3.2638636647957755,0.5246627990212004,0.5528941781519288,0.05787541842648479
0.902971733489792,0.5794538372198184,0.9692944427708312,0.6666666666666665,0.0,2.475793300317187,0.05668304542623803,0.7881861293976724,0.42020920108889687
0.8928251568181804,0.15047015523461504,0.7488501880269691,0.1111111111111111,0.0,1.90734243486814,0.043780801635085076,0.5917957782530661,0.07206362750329667
0.7843014906577981,0.4788613710944398,0.1258416924992103,0.1111111111111111,0.0,2.4742545325856704,0.0073171273941832204,0.6717331173423742,0.10126899323157916
0.644769704556841,0.5305647904756885,0.757509405256998,0.8888888888888888,0.25,2.567332436216393,0.26547498337449105,0.6101916340405407,0.5689745950250822
0.08004668895334144,0.047424574763461624,0.019756112845017437,0.4444444444444445,0.25,2.688135097067017,0.17911598211600924,0.054048606820384704,0.3200126283779033
0.1584842809531385,0.33361173994961835,0.017279059084075676,0.1111111111111111,0.0,2.32367114096598,0.0009631329815860956,0.22845358656224857,0.09351145367198146
0.9044333428423719,0.1304236011218265,0.32044107737364325,0.8888888888888888,0.25,2.81726590941717,0.21431318624537224,0.5899329183090751,0.6269153116702314
0.6087311675297375,0.05903305655301683,0.4863911309693747,0.8888888888888888,1.0,3.756204131819132,0.8496965400792332,0.3792571351894243,0.8445842489069388
0.004186106208618923,0.990194370812779,0.7697211121440111,0.0,1.0,2.0868042612957733,0.9326107556187905,0.4262273742447804,0.027556387926398355
0.0975904904671605,0.3192909292584323,0.6821249924338515,0.2222222222222222,0.25,3.1771493896598475,0.25665072915723086,0.1852380283548294,0.219317640610997
0.6665027272730715,0.8092192090421708,0.44341313959469586,0.3333333333333333,0.0,3.683357670472697,0.025904067826339222,0.7469275713650008,0.35331178398293944
0.0,0.25124332934399063,0.2701797676835569,0.6666666666666665,0.25,2.367937827279811,0.20842976078130096,0.09597964081579557,0.4007619976866854
0.15765356933390318,0.6802135062723775,0.9976980532418853,1.0,0.25,2.330367509145712,0.2935906854214251,0.3816632741929933,0.5740665741610687
0.550329423739218,0.7593274374636119,0.4235821443138472,0.3333333333333333,0.25,2.8063509560643385,0.2263865441297804,0.6544711656604534,0.2629510316067657
0.695243830887166,0.593925475094566,0.4489279337070631,0.1111111111111111,0.5,2.7742202782674643,0.43248003986606365,0.6688476662843708,0.11672219901756471
0.6548209051450702,0.46925022525794513,0.1595656407031516,0.6666666666666665,1.0,3.419768026978831,0.7540537174192039,0.5890844576077863,0.5904153853367216
0.22189190488606947,0.40921994104473214,0.7942588448582666,0.5555555555555556,0.75,2.429450151334878,0.7164532668271963,0.3003710166689757,0.34927469394274635
0.715776230623139,0.34593629547466764,0.6925695609595826,0.2222222222222222,0.75,3.988368848918324,0.6926464330617522,0.5712983621929768,0.2820045044711896
0.23503061915988477,0.9294648365008107,0.21702898942785875,0.5555555555555556,0.5,1.1784147066018424,0.39176203543254684,0.5390457332642768,0.15592753562891348
0.32426062627732355,0.8300666224555036,0.07787140191839281,0.5555555555555556,0.25,1.009503545742105,0.18591876886578637,0.5489831047407112,0.12982236562976124
0.750508564058455,0.9651379128924202,0.6793133802155196,0.4444444444444445,0.5,2.9205949346788715,0.47293229660878777,0.8669314373663073,0.34995146105551395
0.6524640341212091,0.12025618141220962,0.6531808775441124,0.3333333333333333,0.5,1.8953047370856304,0.46834381793787094,0.43288410047339276,0.16908308231527075
0.854498513782149,0.7298220529997357,0.26981058822018467,1.0,0.0,1.7211471660984514,0.015743392769497155,0.8255269307787882,0.41714186749631293
0.6605417416880945,0.9383196647969672,0.9511800449510601,0.0,1.0,1.9356972400128412,0.9857132370574496,0.8005729310730985,0.02366413034497849
0.570143929579163,0.17747320857364768,0.14692988287041198,1.0,0.75,1.768142695314863,0.5649048204347854,0.4084232030832706,0.42924710941905064
0.089698244606354,0.06216976834574206,0.42976983789407575,0.5555555555555556,0.25,1.0923701489813435,0.22711085541809065,0.06643083121953164,0.14262937467405384
0.36709488815081226,0.7401258636149461,0.9438921279794523,0.1111111111111111,0.75,3.914599127171766,0.7514844378657585,0.5350271888499656,0.17547060372640644
0.2633261847959223,0.5726553186794434,0.4170922944376061,0.2222222222222222,0.75,1.6622364653583452,0.6281534871110086,0.3979360141101622,0.10225296820713144
0.2418537125546052,0.8413313502378523,0.6371067813700781,0.7777777777777777,1.0,3.202089287767919,0.8938022498622232,0.5040905106566984,0.6336464952493007
0.9798014207070533,0.13580776045102572,0.39483638363226614,1.0,0.75,3.2877891840825257,0.6229430780243523,0.6379477981970749,0.8206819690811351
0.39278760915019517,0.7945399359659162,0.2707715742245136,0.5555555555555556,0.75,3.787772194021688,0.5938978317557816,0.5747131179339553,0.5592029642681158
0.8978460240958397,0.19796818192223786,0.9844781444548039,0.2222222222222222,0.5,1.09164837128014,0.5265146889817683,0.6159000112854514,0.05816085753904843
0.6337433003284743,0.15980927854412408,0.40664122856980844,0.6666666666666665,1.0,3.616145015341023,0.8263583795026416,0.4390919485318774,0.6258237251144334
0.7994201353777184,0.16042214545172762,0.8941002488619021,0.3333333333333333,0.0,2.5816785425194007,0.05228205152136403,0.5396628596810846,0.23980232819029623
0.5036682774966328,0.8139426962871306,0.22626502320956332,0.8888888888888888,0.25,2.897632329897484,0.2032892436025884,0.6504440036940278,0.6455462214767548
0.5788444593315774,0.6638274780715725,0.2093214870393072,0.4444444444444445,0.75,2.933410831363101,0.5795115370116095,0.6293811115079848,0.3516020385934857
0.4934249670583115,0.5209937472395891,0.026339661641257894,0.2222222222222222,0.25,3.4593934149541825,0.17988663092859677,0.5143244182651425,0.2411280059653385
0.19251015847416308,0.35594771266040337,0.6503206824710701,0.1111111111111111,0.0,2.000221966477332,0.03801402988237573,0.25895817852764424,0.07684846222500974
0.726174915217283,0.8768778019878387,0.3656067992516152,0.1111111111111111,0.25,3.1991535695799804,0.21960013877085408,0.8130580756862646,0.1386133038870332
0.2790868327680096,0.38972834580451776,0.8641940256016847,0.2222222222222222,0.0,2.5857343291665917,0.05053168890100765,0.326352034255452,0.17361612919028102
0.01949015080225558,0.8159774148459018,0.4708720850486099,0.1111111111111111,0.5,3.380182042916043,0.43633310635755684,0.35822973076321474,0.14793926957430392
0.6482524847625692,0.43664873012959937,0.9686062120613497,0.3333333333333333,0.75,3.9716380983104,0.757270338492113,0.5706497356015794,0.38301422060831153
0.17415582156571774,0.3741511158511541,0.1815890421505757,0.1111111111111111,0.0,1.6019530522112837,0.010579929124935022,0.25591957628593187,0.05633101455335769
0.9468508543002165,0.4603098864257702,0.8684826437156565,1.0,0.25,3.9839459246799938,0.2784651497868659,0.7619115909310674,1.0
0.9604857858221822,0.2982113661025907,0.7759449415976158,0.8888888888888888,0.75,1.269436462848322,0.7121657349083254,0.6982778241477432,0.26809043627380924
0.9209432615173412,0.7466466398761216,0.7702383976318687,0.1111111111111111,0.5,1.0069526437144416,0.4888973768888384,0.8732133700092279,0.02567863544804161
0.3695676984075882,0.5005482361713871,0.844510226180744,0.8888888888888888,0.75,1.132485808533494,0.7282177933904879,0.43027518324499514,0.23634191153879358
0.01052231894127631,0.22870460656108138,0.7602855419104908,0.5555555555555556,0.0,2.025347214210285,0.044450094304176124,0.09235416894081583,0.28682070441890317
0.9345621790389471,0.8993623312895425,0.6247327734120334,0.0,0.5,2.8987189920353025,0.46334875410187315,0.9491852055245662,0.048469918213454255
0.4283036629646406,0.381132215363883,0.12700676855855475,0.3333333333333333,0.25,1.2070886226635489,0.1916703950979661,0.4128741718492095,0.09817401756707334
0.973367859574934,0.5415823632437222,0.02773949407923748,0.0,0.5,1.0169974435887017,0.3585256162898036,0.8140078259126335,0.0
0.9702958562483792,0.9062939332958897,0.9209975342607808,0.5555555555555556,0.5,3.811273085376384,0.5153684382933197,0.973892079249072,0.5628350200826833
0.858330918542197,0.6226659712499036,0.6151095861128524,0.3333333333333333,1.0,3.465779907819789,0.8873649495057206,0.7803249442070284,0.33089406469910865
0.2929308302961291,0.11282045688428854,0.7959961880864994,0.2222222222222222,0.5,3.427549513417093,0.4934200616694405,0.21192863164390752,0.23866727317885233
0.38468965383893794,0.9398186983645953,0.47923072182927395,0.2222222222222222,0.5,3.653272826505932,0.4378007586168249,0.6342396093696145,0.2561100088481938
0.8564352025173507,0.6261531657003956,0.11299263415595417,0.8888888888888888,0.75,3.100102818316313,0.5569596524915575,0.7807238140166972,0.692483852712153
0.315679124671024,0.3319046873593672,0.1209140129566113,0.5555555555555556,0.25,1.3132123892442444,0.19095719694065846,0.32286073533665305,0.1767604776498008
0.1664446079302968,0.1353049856770543,0.6844075168687622,0.8888888888888888,0.75,2.197300564221169,0.6907355883846474,0.14532667141548017,0.483192120311396
0.5584956823276495,0.7932916790050784,0.427729657191795,0.4444444444444445,0.75,3.1694484593938883,0.6306438372942592,0.6744775603122843,0.38200165998113084
0.9424943443317646,0.6184801607276635,0.19667160322883248,0.1111111111111111,0.0,1.8410033823745628,0.011462686900830493,0.8294203050283033,0.06864606718319921
0.6994290576694198,0.5314407546949385,0.4893588878881432,0.7777777777777777,0.75,3.0622190924087125,0.6450720719521212,0.6436703414832263,0.6048239654327836
0.5719179563584271,0.8936522798763775,0.05959831161805429,0.4444444444444445,1.0,1.0734953448029572,0.7247990912892334,0.7271116663937507,0.1120608812104293
0.09324284887443701,0.787836894239335,0.5802379640248816,0.1111111111111111,1.0,1.91841202263878,0.8771600528053113,0.39039899196313366,0.07263389467629312
0.6174143734683457,0.14776904549527714,0.2655207589660047,0.3333333333333333,0.0,2.647391008831518,0.01549231603844714,0.42386691848190106,0.24657288969102847
0.9970534097076784,0.3086066457737222,0.7970236759073881,0.8888888888888888,0.25,2.896269488518727,0.27010039539761954,0.7250256490938123,0.6452302813781854
0.13667576915721347,0.24506143440102002,0.30711919703767876,0.3333333333333333,0.25,2.7311219933857327,0.21275377025559386,0.17598022092996213,0.255199955638432
0.5195529907596228,0.7429654616754937,0.4527823589968496,0.3333333333333333,0.75,3.0932688282202885,0.6365090128996101,0.628583131654854,0.2925130798468098
0.8829928653381156,0.02904313987745688,0.0067176826018582325,0.1111111111111111,0.75,1.0182662447195172,0.5320792520395318,0.5319923788010941,0.026261473345464165
0.7447157016679662,0.5680492545609437,0.06788204033608203,0.5555555555555556,0.75,1.3028235999325646,0.5463986536630068,0.687321737788392,0.17515489333147394
0.700427074790982,0.7615692805153853,0.38970719688138855,0.1111111111111111,0.25,3.606832756837435,0.22242125294363538,0.7463330192643041,0.15961553652874239
0.705962377160593,0.876440750110711,0.4776384054874412,0.6666666666666665,0.5,3.0452459322704835,0.43752117155760895,0.8006277796235093,0.5228860597558904
0.35876952617455715,0.339116261616107,0.5983874086920977,0.2222222222222222,1.0,1.338794928058034,0.8824713402335672,0.35214546046050854,0.0772590711992742
0.2920632880162328,0.8206582834717517,0.2883159050338766,0.2222222222222222,0.5,3.5262233121957376,0.4042789572094859,0.525318700529231,0.2462922764008646
0.8141481489686322,0.10652320623919698,0.6938764434708635,0.4444444444444445,0.5,1.7266936534737007,0.4754893538478355,0.5246756964194141,0.19618721920282234
0.8149095992719833,0.8459776989968142,0.8599346344690111,0.2222222222222222,0.25,2.43477965258567,0.27746454762231954,0.8530734500637305,0.16195112886036106
0.8725659801737782,0.12346338156179937,0.7792171608175855,0.1111111111111111,0.5,1.4355895386539808,0.4904739141186213,0.5675539816430666,0.04776053726623512
0.9192995401043484,0.3945944426438821,0.0348715535166364,1.0,0.0,3.13033016926512,0.0019927930755955225,0.716088502239957,0.780123228727276
0.5124801789537761,0.7965780056728704,0.47820967500929124,0.8888888888888888,0.75,3.000563263042804,0.6424618907467267,0.6480776663059837,0.669408139430429
0.5025337550008371,0.1460029137221175,0.10054583944820905,0.1111111111111111,0.0,1.6333374134984084,0.005836602245780448,0.3535360780831356,0.057947829141067775
0.8029466705502384,0.22572868191244644,0.23842261915839513,0.1111111111111111,1.0,3.590202300571005,0.7771305710628932,0.5707602410895973,0.1587587924947999
0.6527991193061118,0.721164600439606,0.9871780099075229,0.7777777777777777,0.75,2.2039180726591363,0.7616182470140158,0.6995806682170951,0.42795707345663786
0.7054388372803895,0.7189376244538055,0.13831995332340563,0.8888888888888888,0.5,1.8775452732122253,0.3779418997220526,0.7304606019501554,0.4090649917004418
0.8004135180110175,0.6396591184895621,0.49669302491065404,0.6666666666666665,1.0,1.4569887683936065,0.8527113055875343,0.7527985252911735,0.23651060516742012
0.8957798162586872,0.6927206932061352,0.6166233714744047,0.2222222222222222,0.75,1.7985040375466124,0.6748664051288782,0.8340643355012833,0.11278302471506231
0.3370103152506865,0.5407498542369265,0.701401111121887,0.8888888888888888,0.5,1.0660807636714509,0.4768105735356932,0.4283940700376412,0.2209475914467856
0.3750583702842578,0.248387699925551,0.5577911990465259,0.2222222222222222,0.0,2.7497724773683467,0.03259842966906987,0.32176983319109653,0.18629215285667716
0.09000917791334251,0.3427483557850759,0.00485771143769087,0.4444444444444445,0.75,3.526692239031844,0.5316438076877162,0.1910513874361217,0.4280115937984147
0.5802375678392906,0.17783966008027163,0.32330800986859787,0.8888888888888888,0.5,2.6469413483249253,0.410423050207524,0.4146963073039771,0.5874298957890726
0.03125882127609392,0.9082821544791835,0.5156211163068272,0.2222222222222222,0.0,1.6578218857716271,0.030130283294228427,0.40629011015908834,0.10191183222180199
0.4661756623167428,0.581618046243332,0.08338733791717967,0.6666666666666665,1.0,1.1010075346416182,0.7317607564326977,0.5247139103534,0.17232434493242904
0.544165707918314,0.3981761707114755,0.3476079203395055,0.0,1.0,1.6438842197764083,0.80908276178535,0.4905746396435968,0.016147527670073027
0.28492636200099475,0.45963257585930495,0.02842018505135213,0.3333333333333333,1.0,2.248364284213277,0.7156750660252859,0.3608886862672227,0.2054599147703875
0.5929443992544381,0.9473067130859736,0.07404772283127103,0.3333333333333333,1.0,3.2788342860993893,0.729027594008167,0.7636357885954737,0.3116324709683436
0.025750160316108772,0.14945384859022126,0.39416153247135544,0.6666666666666665,0.25,1.5635285576133224,0.22294266298243307,0.06642645186245,0.25572058026684374
0.03268195153319442,0.5844700994810346,0.12848581852675212,0.7777777777777777,0.75,3.1593743600640583,0.5605868160497202,0.2635459559700506,0.6248443893096248
0.8275496694988487,0.5037321719372083,0.5657272202995993,0.0,0.75,3.600800405055651,0.6629509292413035,0.7089449567115023,0.06655433070071891
0.3594775815617832,0.6098190766376383,0.6883288691704625,0.4444444444444445,0.25,2.361840544325071,0.2573769347932001,0.47262667614310305,0.27798868945358757
0.12349279493175935,0.013544724328427904,0.8000680986361073,0.6666666666666665,0.5,3.46429597492778,0.49413502858025227,0.06532525235068576,0.5984441300676098
0.5235145202317892,0.8717760985640979,0.19629503978764395,0.3333333333333333,0.5,2.6639720441052868,0.38812146235448186,0.6881069534005992,0.24828128575903846
0.7742984937687858,0.9320667615060136,0.1634458447683036,0.3333333333333333,1.0,2.911272511242715,0.7551892275931067,0.8666670742651541,0.27376142850639745
0.21334017445462572,0.5632692627273141,0.10018148786461412,0.3333333333333333,0.0,2.578835381014608,0.0058152773400227675,0.3635124062967683,0.23950938834333813
0.6253941522785513,0.6954364186404507,0.6349994375298507,0.5555555555555556,0.5,2.389518150254025,0.4651514275740015,0.6715799169033079,0.34310321497524565
0.0812689746830747,0.9224003561030272,0.7054341546925418,0.6666666666666665,0.0,1.703960325327548,0.041239731797830886,0.4428269683106194,0.2810415498380796
0.047190996793218254,0.7060765182474649,0.026794235674487243,0.1111111111111111,0.75,1.9095821783831384,0.536779444068216,0.3262601784856509,0.0721790114027697
0.5327374596859276,0.14863747645020609,0.9364473121033643,0.4444444444444445,0.0,1.869910356830827,0.05476055627720608,0.37298948992291003,0.2146323018566586
0.5421315885101523,0.5744795304810983,0.047292653990384625,0.3333333333333333,0.75,2.6898667928614444,0.5415784004438683,0.567531052559406,0.25094930293810525
0.6401116119432004,0.6050564825328486,0.5393368675157673,0.2222222222222222,0.25,1.3598610790716696,0.23993641559695852,0.6404075991877467,0.07888695490642436
0.7298586955876118,0.4215703926381609,0.7080333112589541,0.6666666666666665,0.25,3.750375072107005,0.2596834727058326,0.6133663143983508,0.6500264766587507
0.9826777396366684,0.7354263549203801,0.8708416358988647,0.5555555555555556,1.0,3.16196543584934,0.9622028547934806,0.9056107861641425,0.4624847147128159
0.5174988380477674,0.9343265994252592,0.7130876555366283,0.6666666666666665,0.5,2.204336892739581,0.47886255686304735,0.7122053112723756,0.37126344224765645
0.3217874839819359,0.9254846451073071,0.8012158252268149,0.4444444444444445,1.0,1.4758724335791338,0.941827427352851,0.5898023253187126,0.16388359802006935
0.7997996171147934,0.4484109968556871,0.33636907293462537,0.5555555555555556,0.75,3.645976509164908,0.6092550915116522,0.6676112533826499,0.5372884830728427
0.2690250058043031,0.10914238669347287,0.8143856356363162,0.4444444444444445,1.0,3.471334270303496,0.9456814652996343,0.195825114429502,0.42088196237409203
0.4392230245522004,0.9850500564252056,0.0755926094988495,0.6666666666666665,0.0,3.165164658151538,0.004376130270416778,0.687312988364545,0.5445083640142449
0.07429351031987441,0.8383861863602418,0.8948216881006132,0.1111111111111111,0.75,1.814641142233727,0.7399963856324802,0.4013450895763029,0.06728797504187832
0.020537598539188018,0.12062344398666114,0.5456678952431031,0.4444444444444445,0.25,2.207339912301007,0.24067750511441086,0.05048497429814036,0.258090333598771
0.9693123971409914,0.9207346717878577,0.8168720323147811,0.5555555555555556,0.5,1.30824475735727,0.49708554932606897,0.9797009499236604,0.17599273160955914
0.8410930608820613,0.8695375506748859,0.44986436887537185,0.5555555555555556,0.75,1.567118574182595,0.6358258720308001,0.8793730927958432,0.21600160350504188
0.6993727863863788,0.5167455022348992,0.6421866012835453,0.4444444444444445,0.75,3.349049911950199,0.6808511022301028,0.6371191552748314,0.4051327861661085
0.4088369746654952,0.5895406215277594,0.5243604295330737,1.0,0.0,3.145116156552052,0.03064178108737023,0.49351517828719005,0.7839318453373925
0.17029273124594657,0.39631832772782216,0.7306875064263929,0.6666666666666665,0.5,2.780457288927804,0.4819528288295115,0.26341171975790556,0.47514255207226797
0.1532290379708,0.05037718693184434,0.07711616469955951,1.0,0.25,3.687180177778519,0.18583036325295818,0.0996619140791859,0.9235582358466182
0.24818353789359104,0.3321977545830104,0.055720026138325274,0.7777777777777777,0.75,2.749799553439136,0.5435513620000284,0.2821295468429259,0.5404448355253167
0.5508283342938263,0.8021635377493155,0.24350894564401981,0.6666666666666665,0.75,2.400903999890832,0.5875152824669941,0.6737703577154179,0.40670606196181747
0.7182225242706368,0.0,0.15546383198305058,0.4444444444444445,0.0,2.021112238917288,0.00905086305302416,0.4193618580734253,0.23410580702138706
0.6631578728892891,0.33049129850631354,0.8716606045748554,0.0,1.0,3.821345517208518,0.9624425193183562,0.532594109509344,0.07223519435307556
0.27823810033704244,0.39548019858893735,0.21546471944205603,0.4444444444444445,0.25,1.2481463845730605,0.2020249951658233,0.32838907895621916,0.13455443670098516
0.9614339593365202,0.5353946967103704,0.9763206720400524,1.0,0.5,3.7926621161824254,0.5250823581922403,0.8040390253289467,0.9507285731988933
0.7418088368832791,0.9197435347894167,0.33380047744885877,0.1111111111111111,0.75,3.480143979793055,0.6086537486425134,0.8415329950439814,0.15308896550980194
0.55601850651068,0.34340156675426003,0.17816250622429708,0.4444444444444445,0.75,1.389789773607104,0.5722167990793149,0.4734585057695013,0.1527968899683778
0.6140876503400188,0.3440117730516725,0.7891194013747267,0.4444444444444445,0.25,2.6949530730257605,0.26917514672528653,0.5088836071387344,0.32089072518604794
0.4196144657002918,0.7364885875882181,0.6574007589050139,0.1111111111111111,1.0,3.5996439452472604,0.899741117399328,0.5652089442216817,0.1592451936263981
0.2456408711300544,0.449796374571952,0.4959967400647116,0.4444444444444445,0.75,2.7154274908214613,0.6466260827315128,0.3327434343114737,0.3235276545363149
0.3552079702197002,0.22105916196575115,0.5534822541683599,0.3333333333333333,0.25,3.721599464681866,0.2415922285581439,0.29763280832214645,0.35725195597955467
0.7620023067705761,0.45001904409072524,0.7182309246942058,0.0,0.0,3.828951450448128,0.0419887059386749,0.6454422806835847,0.07243111014219178
0.009446173134780356,0.13689776084767846,0.22475682395586194,0.2222222222222222,1.0,2.267153566552918,0.7731313871987475,0.05098774636513781,0.1489978478281762
0.11237037726122023,0.17260319596913876,0.9969030758932398,0.0,0.5,2.131940984218971,0.5286963220847946,0.1291318549379834,0.02871903245811283
0.04144237782295712,0.49617412289604435,0.9752426207813687,0.4444444444444445,0.75,3.8089634619074704,0.7588240113388454,0.22969151352030281,0.4643657055374438
0.036103960418029435,0.41633946422876655,0.6489720907803274,0.3333333333333333,0.25,3.025420183449004,0.25276995830189697,0.19105423614932282,0.285522421179649
0.8608120609387357,0.9147090783652456,0.1956838689861815,0.6666666666666665,0.0,1.348068044044508,0.011404876421648974,0.9113436629603036,0.2168713284438451
0.7071505253296972,0.3595287260054578,0.6790408143033173,0.4444444444444445,0.5,1.1268752476680437,0.4728844380898283,0.572104481132798,0.11893575472252986
0.4748564833205866,0.5788007566087323,0.06763218073277644,1.0,0.25,2.693887152991789,0.1847201989314339,0.5287197684148046,0.667702996727143
0.09390856882762921,0.6307319020602487,0.025855404835881668,0.3333333333333333,0.25,3.7905128963152737,0.17982994540174776,0.32112834652658373,0.36435232297665293
0.4925121056657904,0.0085042263259818,0.2541473909081624,0.1111111111111111,0.5,3.5327461072174557,0.3982794744866046,0.28649050205992466,0.15579884659313137
0.4741458283717641,0.6621594320304904,0.4602263037927319,0.3333333333333333,0.0,3.027543239393009,0.026888114988901035,0.5652578449646419,0.28574116629218377
0.17019914904104838,0.17426032001977876,0.8681300325491463,0.1111111111111111,0.0,1.4173475466732626,0.050762056987755155,0.16487572949212548,0.04682077244280966
0.4340405619343466,0.9611617795857659,0.7262424901431821,0.7777777777777777,1.0,1.7626941512460867,0.9198870903681383,0.6735814907507183,0.33703570455435905
0.3982608272382022,0.1447420176421612,0.7418662826408222,0.2222222222222222,0.75,3.626533679657849,0.7041874609188853,0.28985109282880894,0.2540437452260962
0.6182675657067913,0.4120168958384909,0.4228903535134667,0.8888888888888888,0.5,1.5484217099707014,0.4279082281699982,0.5415733202812112,0.3327660675315294
0.6377467541296629,0.08111627883610284,0.3428899087413302,0.3333333333333333,0.5,1.835318224751304,0.4138613403109779,0.4066164557284271,0.16290248381140515
0.04073519088295241,0.9971425359823258,0.36813317993676353,0.5555555555555556,0.5,1.388801953586326,0.418293683164659,0.45143523307763345,0.18844282248283695
0.37407615056736865,0.5000202617592469,0.98817046493616,1.0,0.0,3.028324694243233,0.05778782831144977,0.43277040691057556,0.7538483686890469
0.6283999527034771,0.5936704987639065,0.03536464452750687,0.4444444444444445,0.75,3.831946916089629,0.5387858924474672,0.628267966764656,0.46732577724781865
0.5041735552087552,0.06275284380410673,0.8668821270188327,1.0,1.0,1.8069040947861577,0.961044136710245,0.3176086617480087,0.43923138081012675
0.8618539212794329,0.7490093412398302,0.5769236549653218,0.0,0.25,2.426219823550221,0.24433620270471393,0.8384890910086065,0.03629915040176442
0.6616357145643594,0.20628733821345646,0.43608535721230846,0.8888888888888888,0.25,2.903019219133613,0.22785012957160625,0.47659004962686513,0.6467950346862548
0.15980598228034804,0.8978345393518095,0.724320459158355,0.0,0.5,3.998398744646892,0.4808348700578827,0.4794779296722327,0.07679578168357115
0.0663092929959046,0.20149784837182305,0.48440591115817844,0.7777777777777777,0.75,1.3144241949927165,0.6439125132539613,0.11406126824368235,0.2446623855153709
0.6451620831291669,0.1869745560157814,0.8733093876603548,0.8888888888888888,0.0,2.4957123985171275,0.05106519622086156,0.45805215233495433,0.5523713115300599
0.021712376707480385,0.03207527395703269,0.9007395999422174,0.8888888888888888,0.75,2.1553603597075,0.7413818486630981,0.011926411708943263,0.4734693509894413
0.5878247891218724,0.46974340547786086,0.41909698280437757,0.0,0.75,3.597460495667065,0.628622811713066,0.5487443908177305,0.06646830036587009
0.9466197153332412,0.5629757700751892,0.273398687207584,0.1111111111111111,0.0,2.427903193034968,0.015953398369035254,0.8073024138132405,0.09888113128785932
0.5773972459480006,0.06137825061236679,0.5906745660295654,0.0,0.5,1.3329325737554445,0.45736863960196716,0.36132794735648877,0.008137946835216146
0.38779947023231487,0.7747027539511873,0.9124658839853956,1.0,0.75,2.903272435859751,0.7441271300162489,0.5628958606738597,0.7216370527201204
0.6460416634617769,0.4508725571678094,0.20686539905096213,0.1111111111111111,0.25,3.3123418547916392,0.20101838668557018,0.5756193764493935,0.144444375898149
0.4587405942354852,0.5223251347016493,0.6214609544375991,1.0,0.0,1.008643754996844,0.036324916926055495,0.49391729270549667,0.23361321475057906
0.5471742562977848,0.4382846077724425,0.6301023454986097,0.7777777777777777,1.0,3.5768700562618885,0.8917524586499687,0.5101834645662471,0.710876171284522
0.9478693998531718,0.39808737846702,0.7322194731252227,0.4444444444444445,0.5,1.5580690000169968,0.4822218193892953,0.7349334759111159,0.17446981056559419
0.3857068680623199,0.5577492833371611,0.12733136983289617,0.6666666666666665,0.0,2.6562080939601334,0.0074043157863311615,0.46541346780847515,0.4527394296432376
0.9678366950318176,0.1513520196814213,0.7148353462712369,0.1111111111111111,1.0,2.2473925020623504,0.9165488824532256,0.6375981135205111,0.0895818399710121
0.9113130182443241,0.17817170556173534,0.9091165497587808,0.7777777777777777,1.0,3.158961449831591,0.9734036971624461,0.6152733610240635,0.6247593024370695
0.19306501747699056,0.8613867537597493,0.17571416927110972,0.5555555555555556,0.75,2.1134848443572256,0.5716436103556694,0.48344858346761166,0.30044234911424034
0.06508706139440379,0.9461330679049262,0.23389591248360952,0.7777777777777777,0.75,3.609289530045132,0.5852647416660616,0.44355569375869686,0.7175567314092408
0.09688845662417944,0.3704980502641604,0.97182566973285,0.0,0.75,3.1914890828763705,0.7580240569830078,0.20752260047225324,0.056011173384883164
0.013321387805846463,0.26742687934818776,0.17701520295446826,0.0,0.0,2.9431395131887643,0.010312229753779822,0.11122143434659337,0.04961411461652182
0.09047584398885689,0.6425251133442877,0.8541654486564982,0.6666666666666665,0.0,3.388721786688563,0.04994473259871948,0.3242803181002438,0.5848175001965809
0.686246568639294,0.4060978549727512,0.4900459947224318,0.7777777777777777,0.5,3.262069104785147,0.43969975962772667,0.5801021306991119,0.646006312577993
0.06693678468952202,0.020856830414417438,0.24363749644155908,0.2222222222222222,0.75,1.10781602476466,0.5875453779436274,0.034329611661113146,0.059410210573367025
0.3177578962672396,0.15226887687378432,0.8706211952138161,0.4444444444444445,1.0,2.1842030615344843,0.962138344619167,0.24445346339295804,0.2551105057244077
0.8500971721621349,0.7148532446845595,0.4428123682046161,0.0,0.25,3.792421891949469,0.2286375716023307,0.8162239642036373,0.0714901713968895
0.01843333604281605,0.6575232179465531,0.5127107433884377,0.6666666666666665,0.5,1.3771728069766789,0.44367935228838085,0.2873179281857212,0.2221191497066467
0.8193180148491881,0.02257491050396032,0.3562621842004403,0.4444444444444445,0.0,3.2112896512961537,0.020803264113241376,0.4905756943675237,0.3873904465184654
0.2801824991441251,0.21841349924688114,0.5912784259551627,0.7777777777777777,0.5,3.923775434005989,0.4574746684207016,0.2510398206302866,0.7823616694484546
0.1144881830227037,0.22756108835395628,0.15946513668565965,0.7777777777777777,0.5,1.156595887134915,0.38165467932339114,0.15478693985460934,0.21213929439192308
0.7001450880258249,0.6705560676162352,0.38828733058300147,0.8888888888888888,0.5,3.0465816418798317,0.4218324521656046,0.7057993367395825,0.6800763297073009
0.6315206339881894,0.015152981801612064,0.969831879834778,0.6666666666666665,0.5,2.404462423903091,0.5239430228209484,0.3735935090449132,0.4073476742380321
0.8830930184683699,0.09996783588611402,0.2546004387560852,0.0,0.25,2.7375257661241665,0.20660609520055487,0.5635070304715302,0.04431785730788328
0.7389483614270034,0.7992116680042431,0.6554186945520648,0.2222222222222222,0.75,1.2560240094529744,0.6839489138453989,0.7863472486465395,0.0708629606930971
0.8081959210371781,0.1747715274564836,0.3220297015915845,0.7777777777777777,1.0,1.1290208556008183,0.8015975040177441,0.5513393652130247,0.20645701042469344
0.2803644985502136,0.6513148739145307,0.7728038560522608,0.2222222222222222,0.5,3.000599981652765,0.4893478332186859,0.44313515234827006,0.20567481119162623
0.17448871285363787,0.23470417644556307,0.12663348875507596,0.7777777777777777,0.5,3.4699282894621537,0.37588993041454044,0.1942785165146792,0.688839080006423
0.7546824005958894,0.09527759718765827,0.970242873835756,0.0,0.5,3.346046004798902,0.5240151872527702,0.48368846573680524,0.05999229448704231
0.8115907970136396,0.23971822719719027,0.4513438014626865,0.4444444444444445,0.75,2.631417183598712,0.6361722271660026,0.5821974593568946,0.3127078477388232
0.9975102276335681,0.7211790348378799,0.2323947551276051,0.3333333333333333,0.0,1.2996004634085343,0.013553504896163998,0.9082717584431395,0.1077058026675569
0.4125465814889453,0.8552675288412628,0.06893773390356461,0.4444444444444445,0.0,3.064133331508041,0.0039866312225512734,0.6136067643556768,0.3684379750685558
0.37144985195688207,0.8296651060426967,0.16573381148465538,0.7777777777777777,0.25,1.725666650662438,0.19620365680372984,0.5773729279080955,0.3294055855224772
0.7807965064927402,0.3944901692661251,0.5176948816344837,1.0,0.0,3.733206108302151,0.03025165740694527,0.6321938946469574,0.9354137257835866
0.3398530870592933,0.6667296562646041,0.3339084588417687,0.3333333333333333,0.5,3.514796078637114,0.4122843313342166,0.48598517493521776,0.3359443545097637
0.9370308044928799,0.2013417361154135,0.828522008978593,0.3333333333333333,0.5,3.128148901262173,0.49913111190041304,0.6411182087895544,0.2961068831680612
0.8638003778055383,0.2899405766476326,0.4283145180444454,0.2222222222222222,0.5,3.846537867493392,0.42886063076116554,0.6360774674528242,0.27104453633646397
0.4291234589199959,0.8961075815576658,0.2451289367054721,0.6666666666666665,0.25,1.0942654645338188,0.20549739197154662,0.6417541815944259,0.1711086958323328
0.7549418553151923,0.00841123626269269,0.6156070070712847,0.2222222222222222,0.5,3.208601275182286,0.46174640530517286,0.4453216320664841,0.2217480804178696
0.7586586225526799,0.08127592617478085,0.7057373204624882,0.2222222222222222,0.0,1.990728338009216,0.04125747559740295,0.4798861037563278,0.12763712913303898
0.0992630490228702,0.20425802752147026,0.16300272159847795,1.0,0.75,3.718197657059096,0.568667688901035,0.13523524287731936,0.9315478062756658
0.9084810249460535,0.022008337536594036,0.16358323806798314,0.4444444444444445,0.75,1.8000255899859328,0.5688035956412318,0.5443028305861,0.2056317434686903
0.5063155807042492,0.17767657692096495,0.03190777651385712,0.4444444444444445,1.0,3.1745694979450514,0.7166956813129346,0.36987234398997315,0.38266120581018226
0.8314538024140647,0.5812660827753335,0.7355267425905425,0.5555555555555556,0.0,3.632941058952344,0.04300100203741067,0.7456935859271183,0.5352738580943487
0.31884501768106643,0.41885090742689024,0.6625258334958652,0.7777777777777777,0.5,1.1249704551480473,0.4699846531691705,0.3633366568867049,0.20562235950053465
0.9013652689731668,0.8924253784798624,0.47230095038128983,1.0,0.75,2.192942738776108,0.6410785785668045,0.9260116924891086,0.5386683114063257
0.38884385647868336,0.8168257059117265,0.843894041841164,0.5555555555555556,0.0,3.286927096065816,0.04934356385896921,0.5822090079113544,0.4817975023742319
0.005846795072960043,0.33885055884172144,0.8051798010489315,0.0,0.75,2.364756668522761,0.7190100100613201,0.1383717014976551,0.03471596499381649
0.9113447363952627,0.25604972833705797,0.5836397255092036,0.7777777777777777,0.5,1.801757889380786,0.4561334262706277,0.6498302771091844,0.3450854234686744
0.08728091160015383,0.37691266581580485,0.8681288008473262,0.7777777777777777,0.75,1.6594160464695702,0.7337472204776554,0.20455107200131128,0.31575357045373925
0.31810004243343726,0.5885552860143348,0.20201763007372087,0.8888888888888888,1.0,1.3945548007491335,0.766476946977056,0.43814695748589627,0.29709593950065927
0.9565718295724743,0.2647326064281441,0.10757412050222914,0.8888888888888888,1.0,3.5713886795688468,0.7388388217195093,0.6810610349869373,0.801739488605958
0.957123685138868,0.6225764432129623,0.26628116826370496,0.1111111111111111,0.75,2.726066209754668,0.5928465671175642,0.8400934017209787,0.11424146666437772
0.575336022006935,0.4067786818874517,0.05243665348197979,0.1111111111111111,0.0,1.229154834974368,0.003020849815981691,0.5132599212680362,0.037125729781536276
0.6344504406270963,0.5501186331975583,0.529153785908413,0.2222222222222222,0.0,2.147740970711906,0.030922328442094305,0.6126162846666632,0.139770257127233
0.44881313535959877,0.433625493452384,0.9368429445203237,0.0,0.0,2.10320095241533,0.05478371199927842,0.44857037066267935,0.027978738554307284
0.2916775492498287,0.2912651151740713,0.03459473908963284,0.3333333333333333,0.75,1.545217572128389,0.5386056471937702,0.29030738957071023,0.13301250371757
0.32756545125419145,0.9484824584602638,0.11782104221857548,0.3333333333333333,0.0,2.306522876416572,0.006847691774713033,0.6034994285860624,0.21145217693017504
0.6756298227789523,0.7627220540668338,0.4497444499378598,0.8888888888888888,0.5,1.9962980961794088,0.4326234079681003,0.731832246116503,0.43659481224923163
0.7564637267166663,0.13615024266857811,0.9340970954908903,0.8888888888888888,1.0,2.025411116476548,0.9807140507810107,0.5028932572341829,0.4433439252756647
0.7961482968254752,0.8681021102544442,0.3129455409540083,0.8888888888888888,0.5,3.217079673363876,0.40860355483846167,0.8515273821387792,0.7196019602851503
0.7941633848351772,0.4851835368225019,0.5050860622134246,1.0,0.0,1.6697901565155888,0.0295136837079793,0.6805071943305301,0.40391318307048024
0.08719935124440015,0.8943151814496706,0.036836445714325095,0.6666666666666665,0.5,2.9255798765660663,0.3601229056528936,0.4339618132928038,0.501309313948863
0.495350875244539,0.7991505381649606,0.14420010661145355,0.1111111111111111,0.0,2.7119488716428046,0.008391615521670698,0.6388486344854458,0.11351418985316346
0.053139999463747145,0.4226585735063515,0.9871453591628754,1.0,0.75,2.704277537013602,0.7616106030340375,0.20417011385371175,0.6703793813609875
0.5511342525395211,0.017925376886369637,0.9655143944094093,0.4444444444444445,0.5,2.989022038425328,0.5231849366156048,0.32615790526636146,0.35876428494253454
0.44181344093707353,0.26534935591287034,0.0,0.3333333333333333,0.75,2.645146108586962,0.5305065518801837,0.3697049268987016,0.24634159057806287
0.8934504797096419,0.5396542413251932,0.9521335373662723,0.7777777777777777,0.75,3.637765344539154,0.7534138630297755,0.764771543510885,0.7234246363635147
0.3500883734450875,0.6319518291150441,0.6377040723035989,0.1111111111111111,0.25,3.0267402758507798,0.25145096070226436,0.47675808044878365,0.12973116268727347
0.11337692922738052,0.2545063958634606,0.8677738533235031,0.5555555555555556,0.0,2.6408897541141645,0.05074121039682025,0.16606403035868822,0.38195262207379505
0.1396190400973104,0.13538940193751703,0.4522993965753317,0.4444444444444445,1.0,3.4892893608629345,0.8397198711720245,0.12912417582166325,0.4231944239910873
0.7657116997633082,0.8343987410126856,0.5134937451052788,0.1111111111111111,0.0,2.818439694800439,0.03000577171687499,0.8181544381631927,0.11900023160380928
0.6206645264967015,0.9846088700221478,0.4865956510517906,1.0,1.0,1.873432743355537,0.8497563912186196,0.7969602160672384,0.4563680191064329
0.09723735188140858,0.5236314674527427,0.665602566230326,0.0,0.0,1.6212847545297135,0.03890845369069443,0.2756461510230146,0.015565404224083174
0.08001312404572747,0.16787224576742732,0.13545985957033402,0.7777777777777777,0.75,1.4569833569880364,0.5622195331801049,0.10744499031868737,0.27403902066394936
0.7044288741724778,0.2689972500749418,0.0251727198111098,0.1111111111111111,0.5,3.6983656376383047,0.3580749289166708,0.5303074929544205,0.1643309964222877
0.06853042046720303,0.013826602301994173,0.3046736650716402,0.6666666666666665,0.5,3.1304062953941973,0.40715113650210977,0.03217658412167723,0.5382411535386521
0.8268001007555725,0.9141592819658637,0.7036292163926872,0.8888888888888888,0.25,3.8121353144929615,0.25916794368276996,0.890509333024117,0.8575504705395615
0.7097665384617184,0.11367771191709464,0.1980077123312709,0.8888888888888888,1.0,2.809875417144829,0.7653034771500542,0.4646570179205851,0.6252020140749314
0.07722132679389782,0.5747087724035156,0.6722072411278956,0.7777777777777777,1.0,2.4202026444847378,0.9040741140462799,0.28618065280983074,0.472526029010654
0.08075298191957003,0.2707537764275654,0.9703343805539544,1.0,1.0,1.179149466912668,0.9913185976483448,0.15351928122265202,0.27753256040673746
0.9935973306498607,0.5522599781794804,0.08945508648863987,0.8888888888888888,0.75,3.014926844638089,0.551449194918464,0.8309899064429778,0.6727379703672933
0.3737301461550899,0.6499826071899171,0.6713723119966826,0.1111111111111111,1.0,2.7466262793046936,0.9038297788239408,0.49906695017238056,0.11530065088892501
0.37005706498261337,0.8291846842220676,0.4412486912285587,0.5555555555555556,0.5,3.970626680762864,0.43113167913825745,0.576316688733383,0.5874630711621177
0.8176286637966761,0.20278580914005806,0.8679990577179342,0.3333333333333333,0.75,1.7174763333467291,0.7337168458600435,0.5694737604646771,0.15076086414782913
0.9537239901971242,0.006395234070632139,0.17316677228249144,0.3333333333333333,0.0,2.592212065860508,0.010086987364038763,0.5647683003370074,0.24088763013683445
0.9929509974156203,0.1329067573497693,0.6915074177297509,0.4444444444444445,1.0,2.9528720053542177,0.9097221538198449,0.6446218710308975,0.35410847083492425
0.757479672214963,0.8998085929489399,0.8378052342154954,0.2222222222222222,1.0,2.933773524227031,0.9525350204242756,0.8421791210675909,0.20051080656735948
0.37574328848531846,0.873550989617812,0.9448959747995493,0.0,0.0,2.683880628845208,0.055255042767416745,0.5994348512458001,0.042936050622081584
0.0793996131179372,0.5957085995542162,0.6820773810040834,0.7777777777777777,1.0,3.3307840309816763,0.9069625302375596,0.29681246852519916,0.6601661412967057
0.7815394488947103,0.5988276860996478,0.4949701142236447,0.4444444444444445,0.0,1.6149436285804493,0.02892161372051502,0.7232642339552318,0.18179477476438027
0.5601182980429751,0.6636661390452292,0.6163131630666849,0.2222222222222222,0.75,3.1768816008232474,0.6747937811540394,0.6179729276505364,0.2192969472682133
0.42429300785074386,0.1715824718912804,0.8687660262831405,1.0,0.5,2.859203714299268,0.5061973625904385,0.31751404870350464,0.7102857062280137
0.9123290521292251,0.9142729800826328,0.5688131724357985,0.6666666666666665,0.0,3.68822533538372,0.033243527849982885,0.9423381359472089,0.6388203826385357
0.10743552317814908,0.41618377450252964,0.025588487272348637,0.6666666666666665,0.25,3.541583317100745,0.17979870089976843,0.23416861131021638,0.6123796552785845
0.49353369276206527,0.380375804974987,0.9311545120027658,0.0,0.0,1.94544111739766,0.054450777293330505,0.4520283289791025,0.023915115906744507
0.0063691066523843265,0.5168255437436309,0.6883909943845437,0.8888888888888888,1.0,1.8287119749254592,0.9088101578641549,0.21761709262583095,0.3977442339698092
0.4692757877375511,0.0425430150243602,0.6753053143232188,0.1111111111111111,0.75,3.944959971557344,0.6886046399248564,0.2875191486236026,0.1770346902358852
0.05186914183396141,0.16244968029208606,0.2119062193019543,0.4444444444444445,0.75,2.5817955427457697,0.5801166577179991,0.0880020773944683,0.306317006129593
0.11514926868200948,0.7370235850695614,0.6575794410800877,0.4444444444444445,0.0,3.7192628917433104,0.03843887322113043,0.3811259945042307,0.4528130416931406
0.11384178281201707,0.07855268026265771,0.391085663889283,0.7777777777777777,0.5,1.4916430713414466,0.4223237978607125,0.08831266131648818,0.281181218812866
0.6520362625278981,0.6014759496254953,0.6498844232569425,0.7777777777777777,0.25,2.9284567444005227,0.252876752974732,0.6460387527901239,0.5772600569539812
0.750056570536161,0.2419058968528136,0.10221793174672378,0.6666666666666665,0.75,3.4295805620817585,0.5544371492415175,0.5459154465658573,0.5921846638041373
0.5853885016937084,0.3865632982734155,0.6565334952871273,0.6666666666666665,1.0,3.842185748759341,0.8994873197523406,0.5103803788184027,0.6665806750973772
0.9688307039979067,0.2854645865767744,1.0,0.5555555555555556,1.0,2.0120204230510703,1.0,0.6976767527807106,0.28476105278319275
0.37433727422202234,0.3527743499878935,0.043512519210119116,0.5555555555555556,0.5,3.1749435097721577,0.3612951248324382,0.36762717453868454,0.4644904722026838
0.2840870430918927,0.7179421007402951,0.9776368741107277,0.8888888888888888,0.75,2.616439027118857,0.7593845383562369,0.4749369019018681,0.5803587086952158
0.8741114854321759,0.293934188012682,0.40420170152872803,0.5555555555555556,0.0,1.1818867781994045,0.02360908611354004,0.6440908154985598,0.15646414326835095
0.22121018735267106,0.5645469986763034,0.8706247640005906,0.1111111111111111,1.0,3.06999921192683,0.9621393889956026,0.36884349049877274,0.13195971461658323
0.9698935520107741,0.4737465353471071,0.7817657400818288,0.1111111111111111,0.5,3.07028967471353,0.49092140671977647,0.7818203604404568,0.131974678262535
0.007179742666569067,0.6622938861308985,0.5651997179119155,0.4444444444444445,0.75,3.791820414539611,0.6628274338131424,0.28262083279394545,0.46215782811653777
0.9766313449284751,0.9368014864413126,0.7375853129613703,0.3333333333333333,0.75,2.491937338506917,0.7031852281406985,0.9912571554073302,0.23055601048201935
0.03856483877271355,0.7315350934863747,0.8784300087387176,0.1111111111111111,0.75,1.690752762131544,0.7361588722707585,0.33232847738090654,0.06090567086291275
0.8969315200555468,0.2113469886000805,0.40141868278518844,0.2222222222222222,0.75,1.1336914703460377,0.6244840830911612,0.6212796761259636,0.06140973180768794
0.529039200143435,0.02668223790501867,0.3238830409563631,0.6666666666666665,0.75,2.246926560057717,0.6063319429132938,0.3166653136957007,0.37894269949667236
1.0000000000000002,0.2589043679027363,0.6663357459862174,0.7777777777777777,1.0,1.9057501002325052,0.9023558687278767,0.7047672841642207,0.36651471074650843
0.06957663466953079,0.5933618955600499,0.8073676808220318,0.5555555555555556,0.5,3.2832649180716267,0.49541672660924996,0.2898250073240929,0.4812315138473704
0.5555126187841586,0.047024887220922906,0.7615536938754532,0.4444444444444445,0.75,2.06280329452314,0.7087965495914123,0.34171371340613743,0.23947525729184915
0.9760479972063694,0.4941627125841008,0.7972796386442305,0.0,0.25,3.847213588944532,0.27013035756321124,0.7946004635048869,0.07290151149357885
0.5243795686542738,0.5951355300367758,0.4330364035396732,0.7777777777777777,0.25,3.8869306089633526,0.22749322896979216,0.5659447761391851,0.7747691936844188
0.6319820064685255,0.3312396955167678,0.8174114595397963,0.2222222222222222,0.5,2.862725770653124,0.4971802647212079,0.5140524515896798,0.1950206019069201
0.6991445078401819,0.7700645472321148,0.11590962057543175,0.5555555555555556,0.0,3.785980861044649,0.006735819373882346,0.7493240870447777,0.558926114285837
0.4549833175330409,0.10246980257460336,0.5425473722438778,0.2222222222222222,0.0,3.2825630335434868,0.03170623327254138,0.30544324425291114,0.22746346436771614
0.6301189109462788,0.07085395986894039,0.0008232289368752532,0.6666666666666665,0.0,2.6405789229253784,0.0,0.3974474532599517,0.4499213652505711
0.5863456266571601,0.7271301048249397,0.3214221095585499,0.6666666666666665,0.25,1.5409238062683344,0.21442802268265063,0.6619959924682279,0.251644763019164
0.9070690483766404,0.4932834606375067,0.3635305163300351,0.8888888888888888,0.0,2.37579383054152,0.021228667774589066,0.752451356669648,0.5245712426613928
0.04087930476743473,0.6871472553439819,0.39340677690718096,0.4444444444444445,1.0,2.6826233900878527,0.8224854248186594,0.31404430355656987,0.3193027678070947
0.27927999658102687,0.43231988671270005,0.6943644609432607,0.7777777777777777,0.75,3.59188474220503,0.6930666433720105,0.3453576719125624,0.7139701916522669
0.9569256264033901,0.2429640203997545,0.3857498725610906,1.0,0.25,2.4440001296069944,0.22195802142779955,0.6716211844933344,0.6033363873525348
0.8960414229324372,0.8184926538124322,0.44621956486260617,1.0,0.5,3.69302401803387,0.432004490591965,0.8900006541088219,0.9250635088210557
0.4561126670523856,0.798708991270769,0.23389672291269692,0.7777777777777777,0.5,3.023046937070407,0.3947237584751152,0.6148983928013423,0.5967519053894269
0.6226025042879371,0.6934724138114063,0.3703585063028223,0.0,0.75,1.410997189161014,0.6172124765866078,0.669018874716276,0.010148757375806658
0.275654128614816,0.26883425979429565,0.22356512425106745,0.4444444444444445,0.25,3.984944107975279,0.20297320221049617,0.27065922757911,0.48703050291168615
0.18530112424307044,0.5884906929356357,0.06863523867618326,0.2222222222222222,0.0,2.581697982261738,0.003968926668745265,0.3577231624462993,0.17330422107956045
0.4642527885282193,0.35810171097795296,0.6018345034795409,0.0,0.0,2.175574889227237,0.03517621266379109,0.42442373908257425,0.02984296697904671
0.3525554324076412,0.08737946356419846,0.6669586010335711,0.3333333333333333,1.0,2.97734129340858,0.9025381421937205,0.23674208270403474,0.2805687023470687
0.5856793669830838,0.9171889396650692,0.6179653995555134,0.7777777777777777,1.0,1.3266799419431172,0.8882006800921692,0.7458808373166503,0.24718788160833366
0.07356292824633248,0.13283942731659382,0.4611022314537476,0.2222222222222222,0.0,2.909615940260063,0.026939381610655233,0.08800358552601328,0.19864403283548582
0.9812026236756475,0.9502753160480921,0.3769288039942573,1.0,0.5,2.494708001497819,0.4198380638882615,1.0,0.6163978650475506
0.993163245593506,0.44355352710440576,0.8631637316666945,0.1111111111111111,0.5,2.2200222099957494,0.5052136830064742,0.7825174640904402,0.08817181645393894
